,cpl,ec
1,7.46999979019165,8.105098724365234
2,7.555029000233043,8.102949142456055
14,7.745954176822999,7.490036964416504
15,7.777969815415524,7.4884257316589355
17,7.829999923706055,7.599501132965088
18,7.829999923706055,7.597363471984863
19,7.789538298697854,7.492862224578857
21,7.708484531353827,7.5919952392578125
22,7.680547640890449,7.589849472045898
23,7.707956610707297,7.5882344245910645
24,7.6836959451441835,7.598020553588867
25,7.679999828338623,7.596409797668457
26,7.685256950066612,7.594261646270752
27,7.769744249770917,7.592649459838867
28,7.798297431636245,7.590506076812744
29,7.85284552970429,7.588897228240967
32,7.837836847226733,7.701473236083984
33,7.829999923706055,7.596435546875
34,7.910885471067311,7.697714805603027
35,7.920000076293945,7.695563316345215
36,7.920000076293945,7.693958759307861
37,7.942429015711951,7.6918134689331055
38,7.928921939555852,7.805033206939697
39,7.920000076293945,7.802891731262207
40,7.971795145101371,7.801284313201904
41,7.980000019073486,7.79913330078125
42,7.962660600434246,7.797519683837891
44,7.91843510285173,7.793768882751465
