,ice-top,ice-base,water-top,water-base
44.957286539314374,,,,
44.96606982258812,,,,
44.97735632838306,,,,
44.98613903709443,,,,
44.994921415844566,,,,
45.003703031704426,8.077964833952654,7.927964962223221,,
45.012486517275654,8.100000381469727,7.949999809265137,,
45.02126971773279,8.100000381469727,7.94565521896626,,
45.03005197503314,8.100000381469727,7.917085882265759,,
45.04133917865407,8.10872055663948,7.881279691315843,,
45.050122003355916,8.130000114440918,7.8527042001769,,
45.058904565526426,8.130000114440918,7.829999923706055,,
45.06768632432531,8.126780235789735,7.82678004505487,,
45.076469227680924,8.054993915112899,7.7534417917225555,,
45.08525190192714,7.238765758851552,6.909068099218024,,
45.094034138387194,7.173765870890932,6.618828907545379,,
45.10530676657956,7.231792583351137,6.647910902220215,,
45.114091966532584,7.050000190734863,6.574899989482603,,
45.12287673722144,7.078826909044252,6.663066074263517,,
45.13166097184479,8.021736562667163,7.744639508617322,,
45.140446037658734,8.069999694824219,7.827324909117271,,
45.14923054456173,8.120456373145213,7.804771985536404,,
45.15801535134191,8.130000114440918,7.800000190734863,,
45.169288191274426,8.100158982072006,7.770158584049705,,
45.178072931289314,8.071294118517752,7.769999980926514,,
45.186856774606206,8.069999694824219,7.7426556248884495,,
45.19564106710867,8.01908710422663,7.689086775900056,,
45.20442622024608,7.985983796962213,7.679999828338623,,
45.21321073198733,7.980000019073486,7.658145795040322,,
45.22199538879349,7.959454630345253,7.629454706639199,,
45.23326789231833,7.922517335664942,7.647482795985319,,
45.24205188850253,7.894384650082474,7.650000095367432,,
45.25083556775511,,,,
45.25961837128145,,,,
45.26840234705334,,,,
45.27718646145677,,,,
45.285970172802685,,,,
45.29724195422439,,,,
45.30602585777142,,,,
45.31480910912222,,,,
45.323592304878744,,,,
45.33237526036923,,,,
45.34115837044334,,,,
45.34994117725318,,,,
45.36121143792797,,,,
45.36999489259565,,,,
45.378777473754354,,,,
45.387561138946765,,,,
45.39634468391497,,,,
45.40512741809523,,,,
45.41391010049112,,,,
45.4251804354183,,,,
45.433963715057274,,,,
45.44274606552406,,,,
45.45152876192175,,,,
45.46031158356464,,,,
45.469094061780105,,,,
45.477877217146194,8.028355484344209,7.686710898043701,,
45.48914690053297,7.991786305080699,7.595358613464518,,
45.497928953910005,7.9633770424306185,7.543377230349924,,
45.50671062961367,7.81581533532853,7.5001812271750365,,
45.51549216534264,,,,
45.52427445174134,,,,
45.53305650032889,,,,
45.54183807374634,,,,
45.55310617030605,,,,
45.56188686340723,,,,
45.570667967348264,,,,
45.5794491434676,8.220000267028809,7.901217404732959,,
45.58822981590177,8.220000267028809,7.843861550546742,,
45.59701108184121,,,,
45.60579192799364,,,,
45.61704510709123,,,,
45.625828178576405,,,,
45.634610748698194,,,,
45.64339312608035,,,,
45.65217516630422,,,,
45.660957907032426,,,,
45.66974029254419,,,,
45.68099392843073,,,,
45.68977728644655,,,,
45.698559490725145,,,,
45.70734287327659,,,,
45.71612422062924,,,,
45.724905168185465,,,,
